Continent;Country;Series;Year;Unit;Value
Africa;Africa;"Vineyard surface area";2016;ha;382838
Africa;Africa;"Wine production";2016;"1000 hl";11826
Africa;Africa;"Wine exports";2016;"1000 hl";4380
Africa;Africa;"Wine imports";2016;"1000 hl";3254
Africa;Africa;"Wine consumption";2016;"1000 hl";8429
America;America;"Vineyard surface area";2016;ha;1052448
America;America;"Wine production";2016;"1000 hl";48512
America;America;"Wine exports";2016;"1000 hl";16313
America;America;"Wine imports";2016;"1000 hl";18336
America;America;"Wine consumption";2016;"1000 hl";54949
Asia;Asia;"Vineyard surface area";2016;ha;2156724
Asia;Asia;"Wine production";2016;"1000 hl";16926
Asia;Asia;"Wine exports";2016;"1000 hl";1309
Asia;Asia;"Wine imports";2016;"1000 hl";11633
Asia;Asia;"Wine consumption";2016;"1000 hl";27268
Asia;Afghanistan;"Vineyard surface area";2016;ha;88634
Asia;Afghanistan;"Wine imports";2016;"1000 hl";1
Asia;Afghanistan;"Wine consumption";2016;"1000 hl";1
Asia;Afghanistan;"Consumption of wine per capita (+15)";2016;"l/capita (+15)";0.00
Europe;Albania;"Vineyard surface area";2016;ha;10762
Europe;Albania;"Wine production";2016;"1000 hl";178
Europe;Albania;"Wine exports";2016;"1000 hl";0
Europe;Albania;"Wine imports";2016;"1000 hl";41
Europe;Albania;"Wine consumption";2016;"1000 hl";235
Europe;Albania;"Consumption of wine per capita (+15)";2016;"l/capita (+15)";10.00
Africa;Algeria;"Vineyard surface area";2016;ha;75591
Africa;Algeria;"Wine production";2016;"1000 hl";500
Africa;Algeria;"Wine exports";2016;"1000 hl";2
Africa;Algeria;"Wine imports";2016;"1000 hl";113
Africa;Algeria;"Wine consumption";2016;"1000 hl";397
Africa;Algeria;"Consumption of wine per capita (+15)";2016;"l/capita (+15)";1.40
Oceania;"American Samoa";"Wine imports";2016;"1000 hl";0
Oceania;"American Samoa";"Wine consumption";2016;"1000 hl";0
Africa;Angola;"Wine exports";2016;"1000 hl";0
Africa;Angola;"Wine imports";2016;"1000 hl";850
Africa;Angola;"Wine consumption";2016;"1000 hl";917
Africa;Angola;"Consumption of wine per capita (+15)";2016;"l/capita (+15)";6.00
America;"Antigua And Barbuda";"Wine exports";2016;"1000 hl";0
America;"Antigua And Barbuda";"Wine imports";2016;"1000 hl";28
America;"Antigua And Barbuda";"Wine consumption";2016;"1000 hl";21
America;"Antigua And Barbuda";"Consumption of wine per capita (+15)";2016;"l/capita (+15)";28.80
America;Argentina;"Vineyard surface area";2016;ha;224258
America;Argentina;"Wine production";2016;"1000 hl";9447
America;Argentina;"Wine exports";2016;"1000 hl";2598
America;Argentina;"Wine imports";2016;"1000 hl";93
America;Argentina;"Wine consumption";2016;"1000 hl";9416
America;Argentina;"Consumption of wine per capita (+15)";2016;"l/capita (+15)";28.90
Asia;Armenia;"Vineyard surface area";2016;ha;17100
Asia;Armenia;"Wine production";2016;"1000 hl";75
Asia;Armenia;"Wine exports";2016;"1000 hl";18
Asia;Armenia;"Wine imports";2016;"1000 hl";3
Asia;Armenia;"Wine consumption";2016;"1000 hl";59
Asia;Armenia;"Consumption of wine per capita (+15)";2016;"l/capita (+15)";2.50
Oceania;Australia;"Vineyard surface area";2016;ha;145341
Oceania;Australia;"Wine production";2016;"1000 hl";13100
Oceania;Australia;"Wine exports";2016;"1000 hl";7280
Oceania;Australia;"Wine imports";2016;"1000 hl";878
Oceania;Australia;"Wine consumption";2016;"1000 hl";5380
Oceania;Australia;"Consumption of wine per capita (+15)";2016;"l/capita (+15)";27.40
Europe;Austria;"Vineyard surface area";2016;ha;46487
Europe;Austria;"Wine production";2016;"1000 hl";1953
Europe;Austria;"Wine exports";2016;"1000 hl";485
Europe;Austria;"Wine imports";2016;"1000 hl";824
Europe;Austria;"Wine consumption";2016;"1000 hl";2423
Europe;Austria;"Consumption of wine per capita (+15)";2016;"l/capita (+15)";32.30
Asia;Azerbaijan;"Vineyard surface area";2016;ha;16300
Asia;Azerbaijan;"Wine production";2016;"1000 hl";105
Asia;Azerbaijan;"Wine exports";2016;"1000 hl";1
Asia;Azerbaijan;"Wine imports";2016;"1000 hl";4
Asia;Azerbaijan;"Wine consumption";2016;"1000 hl";106
Asia;Azerbaijan;"Consumption of wine per capita (+15)";2016;"l/capita (+15)";1.40
America;Bahamas;"Wine exports";2016;"1000 hl";1
America;Bahamas;"Wine imports";2016;"1000 hl";27
America;Bahamas;"Wine consumption";2016;"1000 hl";38
America;Bahamas;"Consumption of wine per capita (+15)";2016;"l/capita (+15)";13.10
Asia;Bangladesh;"Wine imports";2016;"1000 hl";1
Asia;Bangladesh;"Wine consumption";2016;"1000 hl";1
Asia;Bangladesh;"Consumption of wine per capita (+15)";2016;"l/capita (+15)";0.00
America;Barbados;"Wine exports";2016;"1000 hl";1
America;Barbados;"Wine imports";2016;"1000 hl";34
America;Barbados;"Wine consumption";2016;"1000 hl";34
America;Barbados;"Consumption of wine per capita (+15)";2016;"l/capita (+15)";14.50
Europe;Belarus;"Vineyard surface area";2016;ha;4515
Europe;Belarus;"Wine production";2016;"1000 hl";274
Europe;Belarus;"Wine exports";2016;"1000 hl";22
Europe;Belarus;"Wine imports";2016;"1000 hl";485
Europe;Belarus;"Wine consumption";2016;"1000 hl";756
Europe;Belarus;"Consumption of wine per capita (+15)";2016;"l/capita (+15)";9.60
Europe;"Belgium And Luxembourg";"Wine exports";2016;"1000 hl";
Europe;"Belgium And Luxembourg";"Wine imports";2016;"1000 hl";0
Europe;Belgium;"Vineyard surface area";2016;ha;300
Europe;Belgium;"Wine production";2016;"1000 hl";8
Europe;Belgium;"Wine exports";2016;"1000 hl";301
Europe;Belgium;"Wine imports";2016;"1000 hl";3120
Europe;Belgium;"Wine consumption";2016;"1000 hl";2
Europe;Belgium;"Consumption of wine per capita (+15)";2016;"l/capita (+15)";0.00
America;Belize;"Wine exports";2016;"1000 hl";0
America;Belize;"Wine imports";2016;"1000 hl";13
America;Belize;"Wine consumption";2016;"1000 hl";13
America;Belize;"Consumption of wine per capita (+15)";2016;"l/capita (+15)";5.20
Africa;Benin;"Wine exports";2016;"1000 hl";0
Africa;Benin;"Wine imports";2016;"1000 hl";34
Africa;Benin;"Wine consumption";2016;"1000 hl";39
Africa;Benin;"Consumption of wine per capita (+15)";2016;"l/capita (+15)";0.60
America;Bermuda;"Wine imports";2016;"1000 hl";15
America;Bermuda;"Wine consumption";2016;"1000 hl";15
America;"Bolivia, Plurinational State";"Vineyard surface area";2016;ha;3283
America;"Bolivia, Plurinational State";"Wine production";2016;"1000 hl";83
America;"Bolivia, Plurinational State";"Wine exports";2016;"1000 hl";0
America;"Bolivia, Plurinational State";"Wine imports";2016;"1000 hl";10
America;"Bolivia, Plurinational State";"Wine consumption";2016;"1000 hl";93
America;"Bolivia, Plurinational State";"Consumption of wine per capita (+15)";2016;"l/capita (+15)";1.20
Europe;"Bosnia And Herzegovina";"Vineyard surface area";2016;ha;4752
Europe;"Bosnia And Herzegovina";"Wine production";2016;"1000 hl";46
Europe;"Bosnia And Herzegovina";"Wine exports";2016;"1000 hl";20
Europe;"Bosnia And Herzegovina";"Wine imports";2016;"1000 hl";80
Europe;"Bosnia And Herzegovina";"Wine consumption";2016;"1000 hl";114
Europe;"Bosnia And Herzegovina";"Consumption of wine per capita (+15)";2016;"l/capita (+15)";4.00
Africa;Botswana;"Wine exports";2016;"1000 hl";0
Africa;Botswana;"Wine imports";2016;"1000 hl";37
Africa;Botswana;"Wine consumption";2016;"1000 hl";35
Africa;Botswana;"Consumption of wine per capita (+15)";2016;"l/capita (+15)";2.50
America;Brazil;"Vineyard surface area";2016;ha;86408
America;Brazil;"Wine production";2016;"1000 hl";1257
America;Brazil;"Wine exports";2016;"1000 hl";20
America;Brazil;"Wine imports";2016;"1000 hl";921
America;Brazil;"Wine consumption";2016;"1000 hl";3112
America;Brazil;"Consumption of wine per capita (+15)";2016;"l/capita (+15)";1.90
Asia;"Brunei Darussalam";"Wine imports";2016;"1000 hl";1
Asia;"Brunei Darussalam";"Wine consumption";2016;"1000 hl";0
Europe;Bulgaria;"Vineyard surface area";2016;ha;64200
Europe;Bulgaria;"Wine production";2016;"1000 hl";1245
Europe;Bulgaria;"Wine exports";2016;"1000 hl";454
Europe;Bulgaria;"Wine imports";2016;"1000 hl";73
Europe;Bulgaria;"Wine consumption";2016;"1000 hl";1028
Europe;Bulgaria;"Consumption of wine per capita (+15)";2016;"l/capita (+15)";16.80
Africa;"Burkina Faso";"Wine exports";2016;"1000 hl";1
Africa;"Burkina Faso";"Wine imports";2016;"1000 hl";32
Africa;"Burkina Faso";"Wine consumption";2016;"1000 hl";31
Africa;"Burkina Faso";"Consumption of wine per capita (+15)";2016;"l/capita (+15)";0.30
Africa;Burundi;"Wine exports";2016;"1000 hl";0
Africa;Burundi;"Wine imports";2016;"1000 hl";2
Africa;Burundi;"Wine consumption";2016;"1000 hl";2
Africa;Burundi;"Consumption of wine per capita (+15)";2016;"l/capita (+15)";0.00
Asia;Cambodia;"Wine exports";2016;"1000 hl";0
Asia;Cambodia;"Wine imports";2016;"1000 hl";12
Asia;Cambodia;"Wine consumption";2016;"1000 hl";14
Asia;Cambodia;"Consumption of wine per capita (+15)";2016;"l/capita (+15)";0.10
Africa;Cameroon;"Wine exports";2016;"1000 hl";1
Africa;Cameroon;"Wine imports";2016;"1000 hl";76
Africa;Cameroon;"Wine consumption";2016;"1000 hl";95
Africa;Cameroon;"Consumption of wine per capita (+15)";2016;"l/capita (+15)";0.70
America;Canada;"Vineyard surface area";2016;ha;12627
America;Canada;"Wine production";2016;"1000 hl";638
America;Canada;"Wine exports";2016;"1000 hl";717
America;Canada;"Wine imports";2016;"1000 hl";4157
America;Canada;"Wine consumption";2016;"1000 hl";4996
America;Canada;"Consumption of wine per capita (+15)";2016;"l/capita (+15)";16.30
Africa;"Cape Verde";"Wine exports";2016;"1000 hl";0
Africa;"Cape Verde";"Wine imports";2016;"1000 hl";68
Africa;"Cape Verde";"Wine consumption";2016;"1000 hl";63
Africa;"Cape Verde";"Consumption of wine per capita (+15)";2016;"l/capita (+15)";16.80
Africa;Chad;"Wine exports";2016;"1000 hl";0
Africa;Chad;"Wine imports";2016;"1000 hl";7
Africa;Chad;"Wine consumption";2016;"1000 hl";5
Africa;Chad;"Consumption of wine per capita (+15)";2016;"l/capita (+15)";0.10
America;Chile;"Vineyard surface area";2016;ha;209038
America;Chile;"Wine production";2016;"1000 hl";10143
America;Chile;"Wine exports";2016;"1000 hl";9076
America;Chile;"Wine imports";2016;"1000 hl";25
America;Chile;"Wine consumption";2016;"1000 hl";2433
America;Chile;"Consumption of wine per capita (+15)";2016;"l/capita (+15)";16.80
Asia;China;"Vineyard surface area";2016;ha;858176
Asia;China;"Wine production";2016;"1000 hl";13217
Asia;China;"Wine exports";2016;"1000 hl";100
Asia;China;"Wine imports";2016;"1000 hl";6389
Asia;China;"Wine consumption";2016;"1000 hl";19162
Asia;China;"Consumption of wine per capita (+15)";2016;"l/capita (+15)";1.70
America;Colombia;"Vineyard surface area";2016;ha;2592
America;Colombia;"Wine exports";2016;"1000 hl";0
America;Colombia;"Wine imports";2016;"1000 hl";181
America;Colombia;"Wine consumption";2016;"1000 hl";172
America;Colombia;"Consumption of wine per capita (+15)";2016;"l/capita (+15)";0.50
Africa;Comoros;"Wine imports";2016;"1000 hl";3
Africa;Comoros;"Wine consumption";2016;"1000 hl";3
Africa;Comoros;"Consumption of wine per capita (+15)";2016;"l/capita (+15)";0.60
Africa;"Congo, Democratic Republic";"Wine exports";2016;"1000 hl";0
Africa;"Congo, Democratic Republic";"Wine imports";2016;"1000 hl";67
Africa;"Congo, Democratic Republic";"Wine imports";2016;"1000 hl";20
Africa;"Congo, Democratic Republic";"Wine consumption";2016;"1000 hl";21
Africa;"Congo, Democratic Republic";"Consumption of wine per capita (+15)";2016;"l/capita (+15)";0.10
Africa;Congo;"Wine exports";2016;"1000 hl";0
Africa;Congo;"Wine imports";2016;"1000 hl";32
Africa;Congo;"Wine consumption";2016;"1000 hl";32
Africa;Congo;"Consumption of wine per capita (+15)";2016;"l/capita (+15)";1.10
Oceania;"Cook Islands";"Wine imports";2016;"1000 hl";4
Oceania;"Cook Islands";"Wine consumption";2016;"1000 hl";3
America;"Costa Rica";"Wine exports";2016;"1000 hl";0
America;"Costa Rica";"Wine imports";2016;"1000 hl";117
America;"Costa Rica";"Wine consumption";2016;"1000 hl";113
America;"Costa Rica";"Consumption of wine per capita (+15)";2016;"l/capita (+15)";3.00
Europe;Croatia;"Vineyard surface area";2016;ha;25155
Europe;Croatia;"Wine production";2016;"1000 hl";760
Europe;Croatia;"Wine exports";2016;"1000 hl";36
Europe;Croatia;"Wine imports";2016;"1000 hl";310
Europe;Croatia;"Wine consumption";2016;"1000 hl";1207
Europe;Croatia;"Consumption of wine per capita (+15)";2016;"l/capita (+15)";33.50
America;Cuba;"Vineyard surface area";2016;ha;1816
America;Cuba;"Wine production";2016;"1000 hl";117
America;Cuba;"Wine exports";2016;"1000 hl";0
America;Cuba;"Wine imports";2016;"1000 hl";74
America;Cuba;"Wine consumption";2016;"1000 hl";181
America;Cuba;"Consumption of wine per capita (+15)";2016;"l/capita (+15)";1.90
Asia;Cyprus;"Vineyard surface area";2016;ha;7908
Asia;Cyprus;"Wine production";2016;"1000 hl";69
Asia;Cyprus;"Wine exports";2016;"1000 hl";6
Asia;Cyprus;"Wine imports";2016;"1000 hl";87
Asia;Cyprus;"Wine consumption";2016;"1000 hl";158
Asia;Cyprus;"Consumption of wine per capita (+15)";2016;"l/capita (+15)";16.20
Europe;"Czech Republic";"Vineyard surface area";2016;ha;17764
Europe;"Czech Republic";"Wine production";2016;"1000 hl";631
Europe;"Czech Republic";"Wine exports";2016;"1000 hl";59
Europe;"Czech Republic";"Wine imports";2016;"1000 hl";1403
Europe;"Czech Republic";"Wine consumption";2016;"1000 hl";2091
Europe;"Czech Republic";"Consumption of wine per capita (+15)";2016;"l/capita (+15)";23.20
Europe;Denmark;"Wine exports";2016;"1000 hl";320
Africa;Djibouti;"Wine exports";2016;"1000 hl";0
Africa;Djibouti;"Wine imports";2016;"1000 hl";2
Africa;Djibouti;"Wine consumption";2016;"1000 hl";3
Africa;Djibouti;"Consumption of wine per capita (+15)";2016;"l/capita (+15)";0.50
America;Dominica;"Wine exports";2016;"1000 hl";0
America;Dominica;"Wine imports";2016;"1000 hl";1
America;Dominica;"Wine consumption";2016;"1000 hl";1
Africa;"Dominican Republic";"Wine exports";2016;"1000 hl";0
Africa;"Dominican Republic";"Wine imports";2016;"1000 hl";131
Africa;"Dominican Republic";"Wine consumption";2016;"1000 hl";132
Africa;"Dominican Republic";"Consumption of wine per capita (+15)";2016;"l/capita (+15)";1.80
Europe;Europe;"Vineyard surface area";2016;ha;3678212
Europe;Europe;"Wine production";2016;"1000 hl";172511
Europe;Europe;"Wine exports";2016;"1000 hl";72397
Europe;Europe;"Wine imports";2016;"1000 hl";66405
Europe;Europe;"Wine consumption";2016;"1000 hl";110159
America;Ecuador;"Vineyard surface area";2016;ha;82
America;Ecuador;"Wine exports";2016;"1000 hl";0
America;Ecuador;"Wine imports";2016;"1000 hl";60
America;Ecuador;"Wine consumption";2016;"1000 hl";57
America;Ecuador;"Consumption of wine per capita (+15)";2016;"l/capita (+15)";0.50
Africa;Egypt;"Vineyard surface area";2016;ha;83224
Africa;Egypt;"Wine production";2016;"1000 hl";58
Africa;Egypt;"Wine exports";2016;"1000 hl";0
Africa;Egypt;"Wine imports";2016;"1000 hl";0
Africa;Egypt;"Wine consumption";2016;"1000 hl";59
Africa;Egypt;"Consumption of wine per capita (+15)";2016;"l/capita (+15)";0.10
America;"El Salvador";"Wine exports";2016;"1000 hl";0
America;"El Salvador";"Wine imports";2016;"1000 hl";20
America;"El Salvador";"Wine consumption";2016;"1000 hl";20
America;"El Salvador";"Consumption of wine per capita (+15)";2016;"l/capita (+15)";0.40
Europe;Estonia;"Wine production";2016;"1000 hl";110
Europe;Estonia;"Wine exports";2016;"1000 hl";49
Europe;Estonia;"Wine imports";2016;"1000 hl";252
Europe;Estonia;"Wine consumption";2016;"1000 hl";312
Europe;Estonia;"Consumption of wine per capita (+15)";2016;"l/capita (+15)";28.30
Africa;Ethiopia;"Vineyard surface area";2016;ha;2689
Africa;Ethiopia;"Wine production";2016;"1000 hl";8
Africa;Ethiopia;"Wine exports";2016;"1000 hl";1
Africa;Ethiopia;"Wine imports";2016;"1000 hl";6
Africa;Ethiopia;"Wine consumption";2016;"1000 hl";20
Africa;Ethiopia;"Consumption of wine per capita (+15)";2016;"l/capita (+15)";0.00
Europe;"Faroe Islands";"Wine imports";2016;"1000 hl";4
Europe;"Faroe Islands";"Wine consumption";2016;"1000 hl";5
Oceania;Fiji;"Wine imports";2016;"1000 hl";13
Oceania;Fiji;"Wine consumption";2016;"1000 hl";14
Oceania;Fiji;"Consumption of wine per capita (+15)";2016;"l/capita (+15)";2.30
Europe;Finland;"Wine exports";2016;"1000 hl";94
Europe;Finland;"Wine imports";2016;"1000 hl";763
Europe;Finland;"Wine consumption";2016;"1000 hl";565
Europe;Finland;"Consumption of wine per capita (+15)";2016;"l/capita (+15)";12.30
Europe;France;"Vineyard surface area";2016;ha;786054
Europe;France;"Wine production";2016;"1000 hl";45367
Europe;France;"Wine exports";2016;"1000 hl";14072
Europe;France;"Wine imports";2016;"1000 hl";7750
Europe;France;"Wine consumption";2016;"1000 hl";28
Europe;France;"Consumption of wine per capita (+15)";2016;"l/capita (+15)";0.10
America;"French Guiana";"Wine imports";2016;"1000 hl";1
America;"French Guiana";"Wine consumption";2016;"1000 hl";1
America;"French Guiana";"Consumption of wine per capita (+15)";2016;"l/capita (+15)";0.60
Oceania;"French Polynesia";"Wine imports";2016;"1000 hl";26
Oceania;"French Polynesia";"Wine consumption";2016;"1000 hl";27
Oceania;"French Polynesia";"Consumption of wine per capita (+15)";2016;"l/capita (+15)";12.80
Africa;Gabon;"Wine exports";2016;"1000 hl";0
Africa;Gabon;"Wine imports";2016;"1000 hl";71
Africa;Gabon;"Wine consumption";2016;"1000 hl";73
Africa;Gabon;"Consumption of wine per capita (+15)";2016;"l/capita (+15)";5.70
Africa;Gambia;"Wine imports";2016;"1000 hl";0
Africa;Gambia;"Wine consumption";2016;"1000 hl";0
Asia;Georgia;"Vineyard surface area";2016;ha;48491
Asia;Georgia;"Wine production";2016;"1000 hl";884
Asia;Georgia;"Wine exports";2016;"1000 hl";376
Asia;Georgia;"Wine imports";2016;"1000 hl";2
Asia;Georgia;"Wine consumption";2016;"1000 hl";718
Asia;Georgia;"Consumption of wine per capita (+15)";2016;"l/capita (+15)";22.20
Europe;Germany;"Vineyard surface area";2016;ha;102493
Europe;Germany;"Wine production";2016;"1000 hl";9013
Europe;Germany;"Wine exports";2016;"1000 hl";3609
Europe;Germany;"Wine imports";2016;"1000 hl";14851
Europe;Germany;"Wine consumption";2016;"1000 hl";20200
Europe;Germany;"Consumption of wine per capita (+15)";2016;"l/capita (+15)";28.40
Africa;Ghana;"Wine exports";2016;"1000 hl";10
Africa;Ghana;"Wine imports";2016;"1000 hl";60
Africa;Ghana;"Wine consumption";2016;"1000 hl";46
Africa;Ghana;"Consumption of wine per capita (+15)";2016;"l/capita (+15)";0.30
Europe;Greece;"Vineyard surface area";2016;ha;105343
Europe;Greece;"Wine production";2016;"1000 hl";2490
Europe;Greece;"Wine exports";2016;"1000 hl";274
Europe;Greece;"Wine imports";2016;"1000 hl";165
Europe;Greece;"Wine consumption";2016;"1000 hl";2365
Europe;Greece;"Consumption of wine per capita (+15)";2016;"l/capita (+15)";26.00
America;Greenland;"Wine exports";2016;"1000 hl";0
America;Greenland;"Wine imports";2016;"1000 hl";6
America;Greenland;"Wine imports";2016;"1000 hl";4
America;Greenland;"Wine consumption";2016;"1000 hl";4
America;Greenland;"Wine consumption";2016;"1000 hl";6
America;Grenada;"Wine exports";2016;"1000 hl";0
America;Guadeloupe;"Wine imports";2016;"1000 hl";
America;Guadeloupe;"Wine consumption";2016;"1000 hl";0
Oceania;Guam;"Wine imports";2016;"1000 hl";1
Oceania;Guam;"Wine consumption";2016;"1000 hl";2
Oceania;Guam;"Consumption of wine per capita (+15)";2016;"l/capita (+15)";1.60
America;Guatemala;"Vineyard surface area";2016;ha;2758
America;Guatemala;"Wine exports";2016;"1000 hl";5
America;Guatemala;"Wine imports";2016;"1000 hl";43
America;Guatemala;"Wine consumption";2016;"1000 hl";37
America;Guatemala;"Consumption of wine per capita (+15)";2016;"l/capita (+15)";0.40
Africa;Guinea-bissau;"Wine imports";2016;"1000 hl";92
Africa;Guinea-bissau;"Wine consumption";2016;"1000 hl";86
Africa;Guinea-bissau;"Consumption of wine per capita (+15)";2016;"l/capita (+15)";8.40
Africa;Guinea;"Wine imports";2016;"1000 hl";5
Africa;Guinea;"Wine consumption";2016;"1000 hl";5
Africa;Guinea;"Consumption of wine per capita (+15)";2016;"l/capita (+15)";0.10
America;Guyana;"Wine exports";2016;"1000 hl";1
America;Guyana;"Wine imports";2016;"1000 hl";2
America;Guyana;"Wine consumption";2016;"1000 hl";0
America;Haiti;"Wine imports";2016;"1000 hl";9
America;Haiti;"Wine consumption";2016;"1000 hl";9
America;Haiti;"Consumption of wine per capita (+15)";2016;"l/capita (+15)";0.10
America;Honduras;"Vineyard surface area";2016;ha;40
America;Honduras;"Wine exports";2016;"1000 hl";0
America;Honduras;"Wine imports";2016;"1000 hl";19
America;Honduras;"Wine consumption";2016;"1000 hl";15
America;Honduras;"Consumption of wine per capita (+15)";2016;"l/capita (+15)";0.20
Asia;"Hong Kong, China";"Wine exports";2016;"1000 hl";272
Asia;"Hong Kong, China";"Wine imports";2016;"1000 hl";629
Asia;"Hong Kong, China";"Wine consumption";2016;"1000 hl";359
Asia;"Hong Kong, China";"Consumption of wine per capita (+15)";2016;"l/capita (+15)";5.60
Europe;Hungary;"Vineyard surface area";2016;ha;68422
Europe;Hungary;"Wine production";2016;"1000 hl";2
Europe;Hungary;"Wine exports";2016;"1000 hl";750
Europe;Hungary;"Wine imports";2016;"1000 hl";207
Europe;Hungary;"Wine consumption";2016;"1000 hl";2638
Europe;Hungary;"Consumption of wine per capita (+15)";2016;"l/capita (+15)";31.60
Europe;Iceland;"Wine exports";2016;"1000 hl";0
Europe;Iceland;"Wine imports";2016;"1000 hl";44
Europe;Iceland;"Wine consumption";2016;"1000 hl";44
Europe;Iceland;"Consumption of wine per capita (+15)";2016;"l/capita (+15)";16.60
Asia;India;"Vineyard surface area";2016;ha;131150
Asia;India;"Wine production";2016;"1000 hl";194
Asia;India;"Wine exports";2016;"1000 hl";13
Asia;India;"Wine imports";2016;"1000 hl";41
Asia;India;"Wine consumption";2016;"1000 hl";217
Asia;India;"Consumption of wine per capita (+15)";2016;"l/capita (+15)";0.00
Asia;Indonesia;"Wine exports";2016;"1000 hl";5
Asia;Indonesia;"Wine imports";2016;"1000 hl";0
Asia;Indonesia;"Wine consumption";2016;"1000 hl";6
Asia;Indonesia;"Consumption of wine per capita (+15)";2016;"l/capita (+15)";0.00
Asia;"Iran, Islamic Republic";"Vineyard surface area";2016;ha;174024
Asia;"Iran, Islamic Republic";"Wine exports";2016;"1000 hl";0
Asia;"Iran, Islamic Republic";"Wine imports";2016;"1000 hl";0
Asia;"Iran, Islamic Republic";"Wine consumption";2016;"1000 hl";0
Asia;Iraq;"Vineyard surface area";2016;ha;8000
Asia;Iraq;"Wine imports";2016;"1000 hl";8
Asia;Iraq;"Wine consumption";2016;"1000 hl";8
Asia;Iraq;"Consumption of wine per capita (+15)";2016;"l/capita (+15)";0.00
Europe;Ireland;"Wine exports";2016;"1000 hl";39
Europe;Ireland;"Wine imports";2016;"1000 hl";848
Europe;Ireland;"Wine consumption";2016;"1000 hl";893
Europe;Ireland;"Consumption of wine per capita (+15)";2016;"l/capita (+15)";24.30
Europe;Israel;"Vineyard surface area";2016;ha;8536
Europe;Israel;"Wine production";2016;"1000 hl";200
Europe;Israel;"Wine exports";2016;"1000 hl";189
Europe;Israel;"Wine imports";2016;"1000 hl";69
Europe;Israel;"Wine consumption";2016;"1000 hl";36
Europe;Israel;"Consumption of wine per capita (+15)";2016;"l/capita (+15)";0.60
Europe;Italy;"Vineyard surface area";2016;ha;692726
Europe;Italy;"Wine production";2016;"1000 hl";50920
Europe;Italy;"Wine exports";2016;"1000 hl";20636
Europe;Italy;"Wine imports";2016;"1000 hl";1706
Europe;Italy;"Wine consumption";2016;"1000 hl";22400
Europe;Italy;"Consumption of wine per capita (+15)";2016;"l/capita (+15)";42.70
Africa;"Ivory Coast";"Wine exports";2016;"1000 hl";0
America;Jamaica;"Wine exports";2016;"1000 hl";6
America;Jamaica;"Wine imports";2016;"1000 hl";58
America;Jamaica;"Wine consumption";2016;"1000 hl";40
America;Jamaica;"Consumption of wine per capita (+15)";2016;"l/capita (+15)";1.80
Asia;Japan;"Vineyard surface area";2016;ha;18275
Asia;Japan;"Wine production";2016;"1000 hl";806
Asia;Japan;"Wine exports";2016;"1000 hl";2
Asia;Japan;"Wine imports";2016;"1000 hl";2686
Asia;Japan;"Wine consumption";2016;"1000 hl";3523
Asia;Japan;"Consumption of wine per capita (+15)";2016;"l/capita (+15)";3.20
Asia;Jordan;"Vineyard surface area";2016;ha;4180
Asia;Jordan;"Wine exports";2016;"1000 hl";0
Asia;Jordan;"Wine imports";2016;"1000 hl";4
Asia;Jordan;"Wine consumption";2016;"1000 hl";3
Asia;Jordan;"Consumption of wine per capita (+15)";2016;"l/capita (+15)";0.10
Asia;Kazakhstan;"Vineyard surface area";2016;ha;15641
Asia;Kazakhstan;"Wine production";2016;"1000 hl";299
Asia;Kazakhstan;"Wine exports";2016;"1000 hl";5
Asia;Kazakhstan;"Wine imports";2016;"1000 hl";93
Asia;Kazakhstan;"Wine consumption";2016;"1000 hl";368
Asia;Kazakhstan;"Consumption of wine per capita (+15)";2016;"l/capita (+15)";2.80
Africa;Kenya;"Wine exports";2016;"1000 hl";10
Africa;Kenya;"Wine imports";2016;"1000 hl";71
Africa;Kenya;"Wine consumption";2016;"1000 hl";58
Africa;Kenya;"Consumption of wine per capita (+15)";2016;"l/capita (+15)";0.20
Oceania;Kiribati;"Wine imports";2016;"1000 hl";0
Oceania;Kiribati;"Wine consumption";2016;"1000 hl";0
Asia;"Korea, Republic";"Vineyard surface area";2016;ha;16067
Asia;"Korea, Republic";"Wine exports";2016;"1000 hl";2
Asia;"Korea, Republic";"Wine imports";2016;"1000 hl";378
Asia;"Korea, Republic";"Wine consumption";2016;"1000 hl";407
Asia;"Korea, Republic";"Consumption of wine per capita (+15)";2016;"l/capita (+15)";0.90
Asia;Kyrgyzstan;"Vineyard surface area";2016;ha;6020
Asia;Kyrgyzstan;"Wine production";2016;"1000 hl";24
Asia;Kyrgyzstan;"Wine exports";2016;"1000 hl";2
Asia;Kyrgyzstan;"Wine imports";2016;"1000 hl";14
Asia;Kyrgyzstan;"Wine consumption";2016;"1000 hl";36
Asia;Kyrgyzstan;"Consumption of wine per capita (+15)";2016;"l/capita (+15)";0.90
Asia;"Lao, People's Democratic Republic";"Wine imports";2016;"1000 hl";30
Asia;"Lao, People's Democratic Republic";"Wine consumption";2016;"1000 hl";28
Asia;"Lao, People's Democratic Republic";"Consumption of wine per capita (+15)";2016;"l/capita (+15)";0.60
Europe;Latvia;"Wine production";2016;"1000 hl";26
Europe;Latvia;"Wine exports";2016;"1000 hl";476
Europe;Latvia;"Wine imports";2016;"1000 hl";608
Europe;Latvia;"Wine consumption";2016;"1000 hl";151
Europe;Latvia;"Consumption of wine per capita (+15)";2016;"l/capita (+15)";9.00
Asia;Lebanon;"Vineyard surface area";2016;ha;9122
Asia;Lebanon;"Wine production";2016;"1000 hl";100
Asia;Lebanon;"Wine exports";2016;"1000 hl";21
Asia;Lebanon;"Wine imports";2016;"1000 hl";13
Asia;Lebanon;"Wine consumption";2016;"1000 hl";97
Asia;Lebanon;"Consumption of wine per capita (+15)";2016;"l/capita (+15)";2.00
Africa;Lesotho;"Wine imports";2016;"1000 hl";13
Africa;Lesotho;"Wine consumption";2016;"1000 hl";11
Africa;Lesotho;"Consumption of wine per capita (+15)";2016;"l/capita (+15)";0.80
Africa;Liberia;"Wine imports";2016;"1000 hl";5
Africa;Liberia;"Wine consumption";2016;"1000 hl";5
Africa;Liberia;"Consumption of wine per capita (+15)";2016;"l/capita (+15)";0.20
Africa;Libya;"Vineyard surface area";2016;ha;8788
Africa;Libya;"Wine exports";2016;"1000 hl";0
Africa;Libya;"Wine imports";2016;"1000 hl";0
Africa;Libya;"Wine consumption";2016;"1000 hl";1
Africa;Libya;"Consumption of wine per capita (+15)";2016;"l/capita (+15)";0.00
Europe;Lithuania;"Vineyard surface area";2016;ha;0
Europe;Lithuania;"Wine production";2016;"1000 hl";48
Europe;Lithuania;"Wine exports";2016;"1000 hl";546
Europe;Luxembourg;"Vineyard surface area";2016;ha;1256
Europe;Luxembourg;"Wine production";2016;"1000 hl";83
Europe;Luxembourg;"Wine exports";2016;"1000 hl";67
Europe;Luxembourg;"Wine imports";2016;"1000 hl";218
Europe;Luxembourg;"Wine consumption";2016;"1000 hl";260
Europe;Luxembourg;"Consumption of wine per capita (+15)";2016;"l/capita (+15)";53.60
Asia;"Macao, China";"Wine exports";2016;"1000 hl";6
Asia;"Macao, China";"Wine imports";2016;"1000 hl";59
Asia;"Macao, China";"Wine consumption";2016;"1000 hl";54
Asia;"Macao, China";"Consumption of wine per capita (+15)";2016;"l/capita (+15)";10.10
Africa;Madagascar;"Vineyard surface area";2016;ha;2844
Africa;Madagascar;"Wine production";2016;"1000 hl";79
Africa;Madagascar;"Wine exports";2016;"1000 hl";1
Africa;Madagascar;"Wine imports";2016;"1000 hl";0
Africa;Madagascar;"Wine consumption";2016;"1000 hl";82
Africa;Madagascar;"Consumption of wine per capita (+15)";2016;"l/capita (+15)";0.60
Africa;Malawi;"Wine exports";2016;"1000 hl";0
Africa;Malawi;"Wine imports";2016;"1000 hl";11
Africa;Malawi;"Wine consumption";2016;"1000 hl";1
Africa;Malawi;"Consumption of wine per capita (+15)";2016;"l/capita (+15)";0.00
Asia;Malaysia;"Wine exports";2016;"1000 hl";45
Asia;Malaysia;"Wine imports";2016;"1000 hl";121
Asia;Malaysia;"Wine consumption";2016;"1000 hl";69
Asia;Malaysia;"Consumption of wine per capita (+15)";2016;"l/capita (+15)";0.30
Asia;Maldives;"Wine exports";2016;"1000 hl";0
Asia;Maldives;"Wine imports";2016;"1000 hl";15
Asia;Maldives;"Wine consumption";2016;"1000 hl";14
Asia;Maldives;"Consumption of wine per capita (+15)";2016;"l/capita (+15)";3.70
Africa;Mali;"Wine exports";2016;"1000 hl";0
Africa;Mali;"Wine imports";2016;"1000 hl";3
Africa;Mali;"Wine consumption";2016;"1000 hl";6
Africa;Mali;"Consumption of wine per capita (+15)";2016;"l/capita (+15)";0.10
Europe;Malta;"Vineyard surface area";2016;ha;535
Europe;Malta;"Wine production";2016;"1000 hl";15
Europe;Malta;"Wine exports";2016;"1000 hl";0
Europe;Malta;"Wine imports";2016;"1000 hl";66
Europe;Malta;"Wine consumption";2016;"1000 hl";72
Europe;Malta;"Consumption of wine per capita (+15)";2016;"l/capita (+15)";19.30
America;Martinique;"Wine exports";2016;"1000 hl";0
America;Martinique;"Wine imports";2016;"1000 hl";0
America;Martinique;"Wine consumption";2016;"1000 hl";0
Africa;Mauritania;"Wine imports";2016;"1000 hl";0
Africa;Mauritania;"Wine consumption";2016;"1000 hl";0
Africa;Mauritius;"Wine exports";2016;"1000 hl";1
Africa;Mauritius;"Wine imports";2016;"1000 hl";25
Africa;Mauritius;"Wine consumption";2016;"1000 hl";22
Africa;Mauritius;"Consumption of wine per capita (+15)";2016;"l/capita (+15)";2.20
America;Mexico;"Vineyard surface area";2016;ha;31420
America;Mexico;"Wine production";2016;"1000 hl";404
America;Mexico;"Wine exports";2016;"1000 hl";12
America;Mexico;"Wine imports";2016;"1000 hl";789
America;Mexico;"Wine consumption";2016;"1000 hl";1074
America;Mexico;"Consumption of wine per capita (+15)";2016;"l/capita (+15)";1.20
Europe;"Moldova, Republic";"Vineyard surface area";2016;ha;145000
Europe;"Moldova, Republic";"Wine production";2016;"1000 hl";1495
Europe;"Moldova, Republic";"Wine exports";2016;"1000 hl";1328
Europe;"Moldova, Republic";"Wine imports";2016;"1000 hl";11
Europe;"Moldova, Republic";"Wine consumption";2016;"1000 hl";264
Europe;"Moldova, Republic";"Consumption of wine per capita (+15)";2016;"l/capita (+15)";7.70
Asia;Mongolia;"Wine imports";2016;"1000 hl";13
Asia;Mongolia;"Wine consumption";2016;"1000 hl";14
Asia;Mongolia;"Consumption of wine per capita (+15)";2016;"l/capita (+15)";0.70
Europe;Montenegro;"Vineyard surface area";2016;ha;2989
Europe;Montenegro;"Wine production";2016;"1000 hl";172
Europe;Montenegro;"Wine exports";2016;"1000 hl";68
Europe;Montenegro;"Wine imports";2016;"1000 hl";23
Europe;Montenegro;"Wine consumption";2016;"1000 hl";115
Europe;Montenegro;"Consumption of wine per capita (+15)";2016;"l/capita (+15)";22.50
America;Montserrat;"Wine imports";2016;"1000 hl";0
America;Montserrat;"Wine consumption";2016;"1000 hl";0
Africa;Morocco;"Vineyard surface area";2016;ha;49455
Africa;Morocco;"Wine production";2016;"1000 hl";325
Africa;Morocco;"Wine exports";2016;"1000 hl";10
Africa;Morocco;"Wine imports";2016;"1000 hl";19
Africa;Morocco;"Wine consumption";2016;"1000 hl";334
Africa;Morocco;"Consumption of wine per capita (+15)";2016;"l/capita (+15)";1.30
Africa;Mozambique;"Wine exports";2016;"1000 hl";0
Africa;Mozambique;"Wine imports";2016;"1000 hl";298
Africa;Mozambique;"Wine consumption";2016;"1000 hl";120
Africa;Mozambique;"Consumption of wine per capita (+15)";2016;"l/capita (+15)";0.80
Asia;Myanmar;"Wine imports";2016;"1000 hl";57
Asia;Myanmar;"Wine consumption";2016;"1000 hl";53
Asia;Myanmar;"Consumption of wine per capita (+15)";2016;"l/capita (+15)";0.10
Africa;Namibia;"Vineyard surface area";2016;ha;7320
Africa;Namibia;"Wine exports";2016;"1000 hl";33
Africa;Namibia;"Wine imports";2016;"1000 hl";416
Africa;Namibia;"Wine consumption";2016;"1000 hl";472
Africa;Namibia;"Consumption of wine per capita (+15)";2016;"l/capita (+15)";31.70
Oceania;Nauru;"Wine imports";2016;"1000 hl";0
Oceania;Nauru;"Wine consumption";2016;"1000 hl";0
Asia;Nepal;"Wine exports";2016;"1000 hl";0
Asia;Nepal;"Wine imports";2016;"1000 hl";8
Asia;Nepal;"Wine consumption";2016;"1000 hl";7
Asia;Nepal;"Consumption of wine per capita (+15)";2016;"l/capita (+15)";0.00
America;"Netherlands Antilles";"Wine imports";2016;"1000 hl";0
America;"Netherlands Antilles";"Wine consumption";2016;"1000 hl";0
Europe;Netherlands;"Wine exports";2016;"1000 hl";541
Europe;Netherlands;"Wine imports";2016;"1000 hl";4478
Europe;Netherlands;"Wine consumption";2016;"1000 hl";3
Europe;Netherlands;"Consumption of wine per capita (+15)";2016;"l/capita (+15)";0.00
Oceania;"New Caledonia";"Wine imports";2016;"1000 hl";55
Oceania;"New Caledonia";"Wine consumption";2016;"1000 hl";68
Oceania;"New Caledonia";"Consumption of wine per capita (+15)";2016;"l/capita (+15)";32.40
Oceania;"New Zealand";"Vineyard surface area";2016;ha;37969
Oceania;"New Zealand";"Wine production";2016;"1000 hl";3139
Oceania;"New Zealand";"Wine exports";2016;"1000 hl";2126
Oceania;"New Zealand";"Wine imports";2016;"1000 hl";372
Oceania;"New Zealand";"Wine consumption";2016;"1000 hl";934
Oceania;"New Zealand";"Consumption of wine per capita (+15)";2016;"l/capita (+15)";25.00
America;Nicaragua;"Wine exports";2016;"1000 hl";0
America;Nicaragua;"Wine imports";2016;"1000 hl";15
America;Nicaragua;"Wine consumption";2016;"1000 hl";15
America;Nicaragua;"Consumption of wine per capita (+15)";2016;"l/capita (+15)";0.30
Africa;Niger;"Wine exports";2016;"1000 hl";0
Africa;Niger;"Wine imports";2016;"1000 hl";10
Africa;Niger;"Wine consumption";2016;"1000 hl";8
Africa;Niger;"Consumption of wine per capita (+15)";2016;"l/capita (+15)";0.10
Africa;Nigeria;"Wine exports";2016;"1000 hl";0
Africa;Nigeria;"Wine imports";2016;"1000 hl";171
Africa;Nigeria;"Wine consumption";2016;"1000 hl";233
Africa;Nigeria;"Consumption of wine per capita (+15)";2016;"l/capita (+15)";0.20
Oceania;Niue;"Wine imports";2016;"1000 hl";0
Oceania;Niue;"Wine consumption";2016;"1000 hl";0
Europe;Norway;"Wine exports";2016;"1000 hl";30
Europe;Norway;"Wine imports";2016;"1000 hl";871
Europe;Norway;"Wine consumption";2016;"1000 hl";764
Europe;Norway;"Consumption of wine per capita (+15)";2016;"l/capita (+15)";17.70
Oceania;Oceania;"Vineyard surface area";2016;ha;183310
Oceania;Oceania;"Wine production";2016;"1000 hl";16239
Oceania;Oceania;"Wine exports";2016;"1000 hl";9406
Oceania;Oceania;"Wine imports";2016;"1000 hl";1382
Oceania;Oceania;"Wine consumption";2016;"1000 hl";6468
Asia;Pakistan;"Vineyard surface area";2016;ha;15967
Asia;Pakistan;"Wine exports";2016;"1000 hl";0
Asia;Pakistan;"Wine imports";2016;"1000 hl";0
Asia;Pakistan;"Wine consumption";2016;"1000 hl";0
America;Panama;"Wine production";2016;"1000 hl";1
America;Panama;"Wine exports";2016;"1000 hl";40
America;Panama;"Wine imports";2016;"1000 hl";54
America;Panama;"Wine consumption";2016;"1000 hl";37
America;Panama;"Consumption of wine per capita (+15)";2016;"l/capita (+15)";1.30
Oceania;"Papua New Guinea";"Wine imports";2016;"1000 hl";23
Oceania;"Papua New Guinea";"Wine consumption";2016;"1000 hl";30
Oceania;"Papua New Guinea";"Consumption of wine per capita (+15)";2016;"l/capita (+15)";0.60
America;Paraguay;"Vineyard surface area";2016;ha;372
America;Paraguay;"Wine production";2016;"1000 hl";16
America;Paraguay;"Wine exports";2016;"1000 hl";0
America;Paraguay;"Wine imports";2016;"1000 hl";230
America;Paraguay;"Wine consumption";2016;"1000 hl";204
America;Paraguay;"Consumption of wine per capita (+15)";2016;"l/capita (+15)";4.30
America;Peru;"Vineyard surface area";2016;ha;30042
America;Peru;"Wine production";2016;"1000 hl";750
America;Peru;"Wine exports";2016;"1000 hl";2
America;Peru;"Wine imports";2016;"1000 hl";85
America;Peru;"Wine consumption";2016;"1000 hl";836
America;Peru;"Consumption of wine per capita (+15)";2016;"l/capita (+15)";3.70
Asia;Philippines;"Vineyard surface area";2016;ha;457
Asia;Philippines;"Wine exports";2016;"1000 hl";7
Asia;Philippines;"Wine imports";2016;"1000 hl";204
Asia;Philippines;"Wine consumption";2016;"1000 hl";198
Asia;Philippines;"Consumption of wine per capita (+15)";2016;"l/capita (+15)";0.30
Europe;Poland;"Wine exports";2016;"1000 hl";36
Europe;Poland;"Wine imports";2016;"1000 hl";1188
Europe;Poland;"Wine consumption";2016;"1000 hl";1107
Europe;Poland;"Consumption of wine per capita (+15)";2016;"l/capita (+15)";3.40
Europe;Portugal;"Vineyard surface area";2016;ha;195284
Europe;Portugal;"Wine production";2016;"1000 hl";6010
Europe;Portugal;"Wine exports";2016;"1000 hl";2778
Europe;Portugal;"Wine imports";2016;"1000 hl";1804
Europe;Portugal;"Wine consumption";2016;"1000 hl";4686
Europe;Portugal;"Consumption of wine per capita (+15)";2016;"l/capita (+15)";52.70
Europe;"Republic Of North Macedonia";"Vineyard surface area";2016;ha;24931
Europe;"Republic Of North Macedonia";"Wine production";2016;"1000 hl";785
Europe;"Republic Of North Macedonia";"Wine exports";2016;"1000 hl";766
Europe;"Republic Of North Macedonia";"Wine imports";2016;"1000 hl";2
Europe;"Republic Of North Macedonia";"Wine consumption";2016;"1000 hl";150
Europe;"Republic Of North Macedonia";"Consumption of wine per capita (+15)";2016;"l/capita (+15)";8.70
Africa;"Reunion Island";"Vineyard surface area";2016;ha;29
Africa;"Reunion Island";"Wine exports";2016;"1000 hl";0
Africa;"Reunion Island";"Wine imports";2016;"1000 hl";0
Africa;"Reunion Island";"Wine consumption";2016;"1000 hl";0
Europe;Romania;"Vineyard surface area";2016;ha;191356
Europe;Romania;"Wine production";2016;"1000 hl";3267
Europe;Romania;"Wine exports";2016;"1000 hl";129
Europe;Romania;"Wine imports";2016;"1000 hl";502
Europe;Romania;"Wine consumption";2016;"1000 hl";3818
Europe;Romania;"Consumption of wine per capita (+15)";2016;"l/capita (+15)";22.80
Europe;"Russian Federation";"Vineyard surface area";2016;ha;87600
Europe;"Russian Federation";"Wine production";2016;"1000 hl";5173
Europe;"Russian Federation";"Wine exports";2016;"1000 hl";49
Europe;"Russian Federation";"Wine imports";2016;"1000 hl";4040
Europe;"Russian Federation";"Wine consumption";2016;"1000 hl";10086
Europe;"Russian Federation";"Consumption of wine per capita (+15)";2016;"l/capita (+15)";8.40
Africa;Rwanda;"Wine exports";2016;"1000 hl";0
Africa;Rwanda;"Wine imports";2016;"1000 hl";10
Africa;Rwanda;"Wine consumption";2016;"1000 hl";12
Africa;Rwanda;"Consumption of wine per capita (+15)";2016;"l/capita (+15)";0.20
America;"Saint Helena";"Wine imports";2016;"1000 hl";0
America;"Saint Helena";"Wine consumption";2016;"1000 hl";0
America;"Saint Kitts And Nevis";"Wine exports";2016;"1000 hl";0
America;"Saint Kitts And Nevis";"Wine imports";2016;"1000 hl";2
America;"Saint Kitts And Nevis";"Wine consumption";2016;"1000 hl";3
America;"Saint Lucia";"Wine exports";2016;"1000 hl";10
America;"Saint Lucia";"Wine imports";2016;"1000 hl";21
America;"Saint Lucia";"Wine consumption";2016;"1000 hl";6
America;"Saint Lucia";"Consumption of wine per capita (+15)";2016;"l/capita (+15)";4.10
America;"Saint Pierre And Miquelon";"Wine imports";2016;"1000 hl";2
America;"Saint Pierre And Miquelon";"Wine consumption";2016;"1000 hl";2
America;"Saint Vincent And The Grenadines";"Wine exports";2016;"1000 hl";0
America;"Saint Vincent And The Grenadines";"Wine imports";2016;"1000 hl";3
America;"Saint Vincent And The Grenadines";"Wine consumption";2016;"1000 hl";3
America;"Saint Vincent And The Grenadines";"Consumption of wine per capita (+15)";2016;"l/capita (+15)";3.60
Africa;"Sao Tome And Príncipe";"Wine imports";2016;"1000 hl";37
Africa;"Sao Tome And Príncipe";"Wine consumption";2016;"1000 hl";35
Africa;"Sao Tome And Príncipe";"Consumption of wine per capita (+15)";2016;"l/capita (+15)";30.20
Asia;"Saudi Arabia";"Vineyard surface area";2016;ha;4081
Asia;"Saudi Arabia";"Wine imports";2016;"1000 hl";0
Asia;"Saudi Arabia";"Wine consumption";2016;"1000 hl";0
Africa;Senegal;"Wine exports";2016;"1000 hl";1
Africa;Senegal;"Wine imports";2016;"1000 hl";63
Africa;Senegal;"Wine consumption";2016;"1000 hl";60
Africa;Senegal;"Consumption of wine per capita (+15)";2016;"l/capita (+15)";0.70
Asia;"Serbia And Montenegro";"Vineyard surface area";2016;ha;0
Asia;"Serbia And Montenegro";"Wine production";2016;"1000 hl";
Asia;"Serbia And Montenegro";"Wine exports";2016;"1000 hl";
Asia;"Serbia And Montenegro";"Wine imports";2016;"1000 hl";
Asia;"Serbia And Montenegro";"Wine consumption";2016;"1000 hl";
Europe;Serbia;"Vineyard surface area";2016;ha;22150
Europe;Serbia;"Wine production";2016;"1000 hl";648
Europe;Serbia;"Wine exports";2016;"1000 hl";100
Europe;Serbia;"Wine imports";2016;"1000 hl";208
Europe;Serbia;"Wine consumption";2016;"1000 hl";796
Europe;Serbia;"Consumption of wine per capita (+15)";2016;"l/capita (+15)";10.70
Africa;Seychelles;"Wine exports";2016;"1000 hl";0
Africa;Seychelles;"Wine imports";2016;"1000 hl";40
Africa;Seychelles;"Wine consumption";2016;"1000 hl";29
Africa;Seychelles;"Consumption of wine per capita (+15)";2016;"l/capita (+15)";39.70
Africa;"Sierra Leone";"Wine imports";2016;"1000 hl";2
Africa;"Sierra Leone";"Wine consumption";2016;"1000 hl";2
Africa;"Sierra Leone";"Consumption of wine per capita (+15)";2016;"l/capita (+15)";0.10
Asia;Singapore;"Wine exports";2016;"1000 hl";174
Asia;Singapore;"Wine imports";2016;"1000 hl";300
Asia;Singapore;"Wine consumption";2016;"1000 hl";127
Asia;Singapore;"Consumption of wine per capita (+15)";2016;"l/capita (+15)";2.60
Europe;Slovakia;"Vineyard surface area";2016;ha;18437
Europe;Slovakia;"Wine production";2016;"1000 hl";309
Europe;Slovakia;"Wine exports";2016;"1000 hl";221
Europe;Slovakia;"Wine imports";2016;"1000 hl";623
Europe;Slovakia;"Wine consumption";2016;"1000 hl";638
Europe;Slovakia;"Consumption of wine per capita (+15)";2016;"l/capita (+15)";13.80
Europe;Slovenia;"Vineyard surface area";2016;ha;15604
Europe;Slovenia;"Wine production";2016;"1000 hl";497
Europe;Slovenia;"Wine exports";2016;"1000 hl";40
Europe;Slovenia;"Wine imports";2016;"1000 hl";134
Europe;Slovenia;"Wine consumption";2016;"1000 hl";811
Europe;Slovenia;"Consumption of wine per capita (+15)";2016;"l/capita (+15)";45.90
Oceania;"Solomon Islands";"Wine imports";2016;"1000 hl";2
Oceania;"Solomon Islands";"Wine consumption";2016;"1000 hl";2
Oceania;"Solomon Islands";"Consumption of wine per capita (+15)";2016;"l/capita (+15)";0.50
Africa;Somalia;"Wine imports";2016;"1000 hl";0
Africa;Somalia;"Wine consumption";2016;"1000 hl";0
Africa;"South Africa";"Vineyard surface area";2016;ha;129513
Africa;"South Africa";"Wine production";2016;"1000 hl";10531
Africa;"South Africa";"Wine exports";2016;"1000 hl";4283
Africa;"South Africa";"Wine imports";2016;"1000 hl";169
Africa;"South Africa";"Wine consumption";2016;"1000 hl";4369
Africa;"South Africa";"Consumption of wine per capita (+15)";2016;"l/capita (+15)";11.00
Europe;Spain;"Vineyard surface area";2016;ha;975270
Europe;Spain;"Wine production";2016;"1000 hl";39670
Europe;Spain;"Wine exports";2016;"1000 hl";22626
Europe;Spain;"Wine imports";2016;"1000 hl";614
Europe;Spain;"Wine consumption";2016;"1000 hl";9850
Europe;Spain;"Consumption of wine per capita (+15)";2016;"l/capita (+15)";24.80
Asia;"Sri Lanka";"Wine exports";2016;"1000 hl";1
Asia;"Sri Lanka";"Wine imports";2016;"1000 hl";13
Asia;"Sri Lanka";"Wine consumption";2016;"1000 hl";12
Asia;"Sri Lanka";"Consumption of wine per capita (+15)";2016;"l/capita (+15)";0.10
Asia;"State Of Palestine";"Vineyard surface area";2016;ha;5601
Asia;"State Of Palestine";"Wine exports";2016;"1000 hl";1
Asia;"State Of Palestine";"Wine imports";2016;"1000 hl";0
Asia;"State Of Palestine";"Wine consumption";2016;"1000 hl";1
Asia;"State Of Palestine";"Consumption of wine per capita (+15)";2016;"l/capita (+15)";0.00
Africa;Sudan;"Wine imports";2016;"1000 hl";1
Africa;Sudan;"Wine consumption";2016;"1000 hl";1
Africa;Sudan;"Consumption of wine per capita (+15)";2016;"l/capita (+15)";0.00
America;Suriname;"Wine imports";2016;"1000 hl";3
America;Suriname;"Wine consumption";2016;"1000 hl";4
America;Suriname;"Consumption of wine per capita (+15)";2016;"l/capita (+15)";1.00
Africa;Swaziland;"Wine exports";2016;"1000 hl";2
Africa;Swaziland;"Wine imports";2016;"1000 hl";0
Africa;Swaziland;"Wine consumption";2016;"1000 hl";4
Africa;Swaziland;"Consumption of wine per capita (+15)";2016;"l/capita (+15)";0.60
Europe;Sweden;"Wine exports";2016;"1000 hl";75
Europe;Sweden;"Wine imports";2016;"1000 hl";2184
Europe;Sweden;"Wine consumption";2016;"1000 hl";2370
Europe;Sweden;"Consumption of wine per capita (+15)";2016;"l/capita (+15)";29.20
Europe;Switzerland;"Vineyard surface area";2016;ha;14780
Europe;Switzerland;"Wine production";2016;"1000 hl";1077
Europe;Switzerland;"Wine exports";2016;"1000 hl";11
Europe;Switzerland;"Wine imports";2016;"1000 hl";1850
Europe;Switzerland;"Wine consumption";2016;"1000 hl";2699
Europe;Switzerland;"Consumption of wine per capita (+15)";2016;"l/capita (+15)";37.80
Asia;"Syrian Arab Republic";"Vineyard surface area";2016;ha;45499
Asia;"Syrian Arab Republic";"Wine production";2016;"1000 hl";1
Asia;"Syrian Arab Republic";"Wine exports";2016;"1000 hl";0
Asia;"Syrian Arab Republic";"Wine imports";2016;"1000 hl";1
Asia;"Syrian Arab Republic";"Wine consumption";2016;"1000 hl";2
Asia;"Syrian Arab Republic";"Consumption of wine per capita (+15)";2016;"l/capita (+15)";0.00
Asia;"Taiwan, China";"Vineyard surface area";2016;ha;3083
Asia;"Taiwan, China";"Wine exports";2016;"1000 hl";0
Asia;"Taiwan, China";"Wine imports";2016;"1000 hl";216
Asia;"Taiwan, China";"Wine consumption";2016;"1000 hl";210
Asia;"Taiwan, China";"Consumption of wine per capita (+15)";2016;"l/capita (+15)";1.00
Asia;Tajikistan;"Vineyard surface area";2016;ha;34276
Asia;Tajikistan;"Wine production";2016;"1000 hl";2
Asia;Tajikistan;"Wine exports";2016;"1000 hl";0
Asia;Tajikistan;"Wine imports";2016;"1000 hl";2
Asia;Tajikistan;"Wine consumption";2016;"1000 hl";5
Asia;Tajikistan;"Consumption of wine per capita (+15)";2016;"l/capita (+15)";0.10
Africa;"Tanzania, United Republic";"Vineyard surface area";2016;ha;1247
Africa;"Tanzania, United Republic";"Wine exports";2016;"1000 hl";1
Africa;"Tanzania, United Republic";"Wine imports";2016;"1000 hl";47
Africa;"Tanzania, United Republic";"Wine consumption";2016;"1000 hl";45
Africa;"Tanzania, United Republic";"Consumption of wine per capita (+15)";2016;"l/capita (+15)";0.20
Asia;Thailand;"Vineyard surface area";2016;ha;5033
Asia;Thailand;"Wine exports";2016;"1000 hl";117
Asia;Thailand;"Wine imports";2016;"1000 hl";126
Asia;Thailand;"Wine consumption";2016;"1000 hl";24
Asia;Thailand;"Consumption of wine per capita (+15)";2016;"l/capita (+15)";0.00
Oceania;Timor-leste;"Wine imports";2016;"1000 hl";1
Oceania;Timor-leste;"Wine consumption";2016;"1000 hl";1
Oceania;Timor-leste;"Consumption of wine per capita (+15)";2016;"l/capita (+15)";0.10
Africa;Togo;"Wine exports";2016;"1000 hl";15
Africa;Togo;"Wine imports";2016;"1000 hl";50
Africa;Togo;"Wine consumption";2016;"1000 hl";48
Africa;Togo;"Consumption of wine per capita (+15)";2016;"l/capita (+15)";1.10
Oceania;Tonga;"Wine imports";2016;"1000 hl";1
Oceania;Tonga;"Wine consumption";2016;"1000 hl";1
Oceania;Tonga;"Consumption of wine per capita (+15)";2016;"l/capita (+15)";1.50
America;"Trinidad And Tobago";"Wine exports";2016;"1000 hl";0
America;"Trinidad And Tobago";"Wine imports";2016;"1000 hl";14
America;"Trinidad And Tobago";"Wine consumption";2016;"1000 hl";22
America;"Trinidad And Tobago";"Consumption of wine per capita (+15)";2016;"l/capita (+15)";2.00
Africa;Tunisia;"Vineyard surface area";2016;ha;21702
Africa;Tunisia;"Wine production";2016;"1000 hl";305
Africa;Tunisia;"Wine exports";2016;"1000 hl";6
Africa;Tunisia;"Wine imports";2016;"1000 hl";2
Africa;Tunisia;"Wine consumption";2016;"1000 hl";307
Africa;Tunisia;"Consumption of wine per capita (+15)";2016;"l/capita (+15)";3.60
Asia;Turkey;"Vineyard surface area";2016;ha;467869
Asia;Turkey;"Wine production";2016;"1000 hl";496
Asia;Turkey;"Wine exports";2016;"1000 hl";29
Asia;Turkey;"Wine imports";2016;"1000 hl";20
Asia;Turkey;"Wine consumption";2016;"1000 hl";513
Asia;Turkey;"Consumption of wine per capita (+15)";2016;"l/capita (+15)";0.90
Asia;Turkmenistan;"Vineyard surface area";2016;ha;20976
Asia;Turkmenistan;"Wine production";2016;"1000 hl";382
Asia;Turkmenistan;"Wine exports";2016;"1000 hl";0
Asia;Turkmenistan;"Wine imports";2016;"1000 hl";2
Asia;Turkmenistan;"Wine consumption";2016;"1000 hl";385
Asia;Turkmenistan;"Consumption of wine per capita (+15)";2016;"l/capita (+15)";9.80
Oceania;Tuvalu;"Wine imports";2016;"1000 hl";0
Oceania;Tuvalu;"Wine consumption";2016;"1000 hl";1
Africa;Uganda;"Wine exports";2016;"1000 hl";2
Africa;Uganda;"Wine imports";2016;"1000 hl";19
Africa;Uganda;"Wine consumption";2016;"1000 hl";23
Africa;Uganda;"Consumption of wine per capita (+15)";2016;"l/capita (+15)";0.10
Europe;Ukraine;"Vineyard surface area";2016;ha;45100
Europe;Ukraine;"Wine production";2016;"1000 hl";1
Europe;Ukraine;"Wine exports";2016;"1000 hl";317
Europe;Ukraine;"Wine imports";2016;"1000 hl";431
Europe;Ukraine;"Wine consumption";2016;"1000 hl";1242
Europe;Ukraine;"Consumption of wine per capita (+15)";2016;"l/capita (+15)";3.30
Europe;"United Kingdom";"Vineyard surface area";2016;ha;411
Europe;"United Kingdom";"Wine production";2016;"1000 hl";38
Europe;"United Kingdom";"Wine exports";2016;"1000 hl";784
Europe;"United Kingdom";"Wine imports";2016;"1000 hl";13555
Europe;"United Kingdom";"Wine consumption";2016;"1000 hl";12935
Europe;"United Kingdom";"Consumption of wine per capita (+15)";2016;"l/capita (+15)";23.70
America;"United States";"Vineyard surface area";2016;ha;439214
America;"United States";"Wine production";2016;"1000 hl";24901
America;"United States";"Wine exports";2016;"1000 hl";3790
America;"United States";"Wine imports";2016;"1000 hl";11143
America;"United States";"Wine consumption";2016;"1000 hl";31284
America;"United States";"Consumption of wine per capita (+15)";2016;"l/capita (+15)";12.00
America;Uruguay;"Vineyard surface area";2016;ha;7251
America;Uruguay;"Wine production";2016;"1000 hl";755
America;Uruguay;"Wine exports";2016;"1000 hl";34
America;Uruguay;"Wine imports";2016;"1000 hl";33
America;Uruguay;"Wine consumption";2016;"1000 hl";609
America;Uruguay;"Consumption of wine per capita (+15)";2016;"l/capita (+15)";22.50
Asia;Uzbekistan;"Vineyard surface area";2016;ha;120807
Asia;Uzbekistan;"Wine production";2016;"1000 hl";272
Asia;Uzbekistan;"Wine exports";2016;"1000 hl";106
Asia;Uzbekistan;"Wine imports";2016;"1000 hl";1
Asia;Uzbekistan;"Wine consumption";2016;"1000 hl";185
Asia;Uzbekistan;"Consumption of wine per capita (+15)";2016;"l/capita (+15)";0.80
Oceania;Vanuatu;"Wine imports";2016;"1000 hl";6
Oceania;Vanuatu;"Wine consumption";2016;"1000 hl";5
Oceania;Vanuatu;"Consumption of wine per capita (+15)";2016;"l/capita (+15)";2.90
America;Venezuela;"Vineyard surface area";2016;ha;1247
America;Venezuela;"Wine exports";2016;"1000 hl";0
America;Venezuela;"Wine imports";2016;"1000 hl";24
America;Venezuela;"Wine consumption";2016;"1000 hl";23
America;Venezuela;"Consumption of wine per capita (+15)";2016;"l/capita (+15)";0.10
Asia;Vietnam;"Vineyard surface area";2016;ha;1362
Asia;Vietnam;"Wine imports";2016;"1000 hl";79
Asia;Vietnam;"Wine consumption";2016;"1000 hl";124
Asia;Vietnam;"Consumption of wine per capita (+15)";2016;"l/capita (+15)";0.20
World;World;"Vineyard surface area";2016;ha;7453532
World;World;"Wine production";2016;"1000 hl";266014
World;World;"Wine exports";2016;"1000 hl";103805
World;World;"Wine imports";2016;"1000 hl";101010
World;World;"Wine consumption";2016;"1000 hl";207273
Asia;Yemen;"Vineyard surface area";2016;ha;12625
Asia;Yemen;"Wine exports";2016;"1000 hl";0
Asia;Yemen;"Wine imports";2016;"1000 hl";0
Asia;Yemen;"Wine consumption";2016;"1000 hl";0
Africa;Zambia;"Wine exports";2016;"1000 hl";0
Africa;Zambia;"Wine imports";2016;"1000 hl";47
Africa;Zambia;"Wine consumption";2016;"1000 hl";36
Africa;Zambia;"Consumption of wine per capita (+15)";2016;"l/capita (+15)";0.40
Africa;Zimbabwe;"Vineyard surface area";2016;ha;436
Africa;Zimbabwe;"Wine production";2016;"1000 hl";20
Africa;Zimbabwe;"Wine exports";2016;"1000 hl";0
Africa;Zimbabwe;"Wine imports";2016;"1000 hl";17
Africa;Zimbabwe;"Wine consumption";2016;"1000 hl";41
Africa;Zimbabwe;"Consumption of wine per capita (+15)";2016;"l/capita (+15)";0.50
